Number,Theme,Subtheme,Year,Set name,Minifigs,Pieces,RRP (GBP),RRP (USD),RRP (CAD),RRP (EUR),EAN,UPC,Width,Height,Depth,Weight,Notes,Qty owned,Qty owned new,Qty owned used,Wanted,Qty wanted,Priority,,,,,,,,,Value new (USD),Value used (USD),Launch date,Exit date
"1100-1","Town","Special",2001,"Sky Pirates",2,108,,17,,,,,,,,,"",0,0,0,,0,0,,,,,,,,,47.9900,34.2500,"",""
"1195-1","Space","Life On Mars",2001,"Alien Encounter",2,42,,,,,,,,,,,"",0,0,0,,0,0,,,,,,,,,10.8400,7.8000,"",""
"1201-2","Duplo","",2001,"Chicken Run",,6,,,,,,,,,,,"",0,0,0,,0,0,,,,,,,,,3.0000,,"",""
"1202-1","Racers","Xalax",2001,"Single Racers Figure Pack",1,1,,,,,,,,,,,"",0,0,0,,0,0,,,,,,,,,,,"",""
"1237-1","Technic","Licensed",2001,"Honda Asimo",,56,,,,,,,,,,,"",0,0,0,,0,0,,,,,,,,,23.5800,40.0000,"",""
"1238-1","Duplo","",2001,"Medium Bucket",,,,,,,,,,,,,"",0,0,0,,0,0,,,,,,,,,,,"",""
"1239-1","Racers","Xalax",2001,"Subzero",1,4,,,,,,,,,,,"",0,0,0,,0,0,,,,,,,,,24.3700,3.7500,"",""
"1351-1","Studios","Stunts",2001,"Movie Backdrop Studio",3,211,,60,,,,,48,28.8,6,,"",0,0,0,,0,0,,,,,,,,,62.5100,42.5000,"01/01/2001","31/12/2001"
"1352-1","Studios","Stunts",2001,"Explosion Studio",4,232,24.99,35,,,5702012012433,,,,,,"",0,0,0,,0,0,,,,,,,,,59.9900,29.9500,"",""
"1353-1","Studios","Stunts",2001,"Car Stunt Studio",2,166,14.99,20,,,5702012012440,,,,,,"",0,0,0,,0,0,,,,,,,,,17.8500,17.4800,"",""
"1354-1","Studios","Adventurers",2001,"Dino Head Attack",2,94,,10,,,5702012010774,,,,,,"",0,0,0,,0,0,,,,,,,,,14.6000,7.4600,"",""
"1355-1","Studios","Adventurers",2001,"Temple of Gloom",2,58,,7,,,,042884013554,,,,,"",0,0,0,,0,0,,,,,,,,,24.3700,8.2300,"",""
"1356-1","Studios","Stunts",2001,"Stuntman Catapult",2,29,2.99,4,,,5702012010798,042884013561,9.6,9.6,4.8,,"",0,0,0,,0,0,,,,,,,,,19.6900,3.5000,"01/01/2001","31/12/2002"
"1357-1","Studios","",2001,"Cameraman",1,21,1.99,2,,,5702012010804,042884013578,9.6,7.2,4.8,,"",0,0,0,,0,0,,,,,,,,,16.9000,3.3500,"01/01/2001","31/12/2002"
"1360-1","Studios","",2001,"Director's Copter",1,22,,3,,,5702012015144,,9.6,14.4,3.9,,"",0,0,0,,0,0,,,,,,,,,10.0000,4.8500,"15/02/2001","31/12/2001"
"1361-1","Studios","",2001,"Camera Car",1,20,,3,,,5702012015151,,9.6,14.4,3.9,,"",0,0,0,,0,0,,,,,,,,,6.5500,2.8700,"15/02/2001","31/12/2001"
"1362-1","Studios","Stunts",2001,"Air Boat",1,24,,3,,,5702012015168,,9.6,14.4,3.9,,"",0,0,0,,0,0,,,,,,,,,6.0400,3.1000,"15/02/2001","31/12/2001"
"1363-1","Studios","Stunts",2001,"Stunt Go-Cart",1,25,,3,,,,673419281928,9.6,14.4,3.9,,"",0,0,0,,0,0,,,,,,,,,4.5300,2.1900,"15/02/2001","31/12/2001"
"1370-1","Studios","Jurassic Park III",2001,"Raptor Rumble",3,157,14.99,20,,,,,28.8,19.2,4.8,,"",0,0,0,,0,0,,,,,,,,,80.0000,29.3200,"01/05/2001","31/12/2002"
"1371-1","Studios","Jurassic Park III",2001,"Spinosaurus Attack",2,155,24.99,35,,,,,28.8,28.8,4.8,,"",0,0,0,,0,0,,,,,,,,,215.3500,84.8600,"01/05/2001","31/12/2002"
"1388-1","Bionicle","Matoran",2001,"Huki",,8,,2,,,5702014366640,042884013882,,,,,"",0,0,0,,0,0,,,,,,,,,27.5200,19.7900,"",""
"1389-1","Bionicle","Matoran",2001,"Onepu",,8,,2,,,,042884013899,,,,,"",0,0,0,,0,0,,,,,,,,,46.7800,29.9200,"",""
"1390-1","Bionicle","Matoran",2001,"Maku",,8,,2,,,,042884013905,,,,,"",0,0,0,,0,0,,,,,,,,,37.7500,27.3400,"",""
"1391-1","Bionicle","Matoran",2001,"Jala",,8,,2,,,,042884013912,,,,,"",0,0,0,,0,0,,,,,,,,,50.2000,32.3500,"",""
"1392-1","Bionicle","Matoran",2001,"Kongu",,8,,2,,,,042884013929,,,,,"",0,0,0,,0,0,,,,,,,,,39.9700,29.4500,"",""
"1393-1","Bionicle","Matoran",2001,"Matoro",,8,,2,,,5702014366657,042884013936,,,,,"",0,0,0,,0,0,,,,,,,,,31.3100,23.5700,"",""
"1403-1","Duplo","",2001,"Racing Leopard",1,2,2.99,3,,,,,,,,,"",0,0,0,,0,0,,,,,,,,,,5.3900,"",""
"1404-1","Duplo","",2001,"Racing Tiger",1,2,2.99,3,,,,,,,,,"",0,0,0,,0,0,,,,,,,,,5.5700,6.1300,"",""
"1405-1","Duplo","",2001,"Racing Lion",1,2,2.99,3,,,,,,,,,"",0,0,0,,0,0,,,,,,,,,4.3500,6.1300,"",""
"1406-1","Duplo","",2001,"Nursing the Baby",1,5,2.99,,,,,,,,,,"",0,0,0,,0,0,,,,,,,,,5.4000,5.0500,"",""
"1407-1","Duplo","",2001,"Cooking with Mummy",1,6,2.99,,,,,,,,,,"",0,0,0,,0,0,,,,,,,,,6.9900,,"",""
"1408-1","Duplo","",2001,"Walking the dog with Daddy",1,4,2.99,,,,,,,,,,"",0,0,0,,0,0,,,,,,,,,10.2700,2.6900,"",""
"1411-1","Studios","Promotional",2001,"Pirates Treasure Hunt",4,31,,0,,,,,,,,,"",0,0,0,,0,0,,,,,,,,,22.9600,11.0000,"",""
"1413-1","Space","Life On Mars",2001,"Rover",1,29,,,,,,,,,,,"",0,0,0,,0,0,,,,,,,,,59.2600,14.0000,"",""
"1414-1","Space","Life On Mars",2001,"Double Hover",1,21,,,,,,,,,,,"",0,0,0,,0,0,,,,,,,,,44.9900,,"",""
"1415-1","Space","Life On Mars",2001,"Jet Scooter",1,24,,,,,,,,,,,"",0,0,0,,0,0,,,,,,,,,44.9900,11.5000,"",""
"1416-1","Space","Life On Mars",2001,"Worker Robot",1,30,,,,,,,,,,,"",0,0,0,,0,0,,,,,,,,,14.2600,6.0300,"",""
"1417-1","Bionicle","Promotional",2001,"Vakama",,28,,,,,,,,,,,"",0,0,0,,0,0,,,,,,,,,80.0000,38.1900,"",""
"1418-1","Bionicle","Promotional",2001,"Matau",,26,,,,,,,,,,,"",0,0,0,,0,0,,,,,,,,,60.5300,20.0000,"",""
"1419-1","Bionicle","Promotional",2001,"Nokama",,27,,,,,,,,,,,"",0,0,0,,0,0,,,,,,,,,34.9900,35.3800,"",""
"1420-1","Bionicle","Promotional",2001,"Nuju",,29,,,,,,,,,,,"",0,0,0,,0,0,,,,,,,,,15.0000,14.4000,"",""
"1421-1","Studios","Promotional",2001,"Director's Copter",1,22,,,,,,,,,,,"",0,0,0,,0,0,,,,,,,,,7.0000,6.0000,"",""
"1422-1","Studios","Promotional",2001,"Camera Cart",1,20,,,,,,,,,,,"",0,0,0,,0,0,,,,,,,,,5.2200,,"",""
"1423-1","Studios","Promotional",2001,"Air Boat",1,24,,,,,,,10.16,13.6525,3.4925,,"",0,0,0,,0,0,,,,,,,,,5.2200,,"",""
"1424-1","Studios","Promotional",2001,"Stunt Go-Kart",1,25,,,,,,,,,,,"",0,0,0,,0,0,,,,,,,,,5.5900,,"",""
"1452-1","Baby","",2001,"Flower",,1,,,,,,,,,,,"",0,0,0,,0,0,,,,,,,,,,,"",""
"1453-1","Baby","",2001,"Butterfly",,,,,,,,,,,,,"",0,0,0,,0,0,,,,,,,,,,,"",""
"1454-1","Baby","",2001,"Stack-n-Learn",,3,,,,,,,,,,,"",0,0,0,,0,0,,,,,,,,,5.3800,,"",""
"1456-1","Baby","",2001,"Squirt Frog",,1,3.99,,,,,,,,,,"",0,0,0,,0,0,,,,,,,,,,,"",""
"1457-1","Baby","",2001,"Caterpillar",,3,6.99,8,,,,,,,,,"",0,0,0,,0,0,,,,,,,,,24.6400,9.6900,"",""
"1528-2","Gear","Pens",2001,"Pen Baseball",,,,,,,,,,,,,"",0,0,0,,0,0,,,,,,,,,,,"",""
"1529-1","Gear","Pens",2001,"Pen Basketball",,,,,,,,,,,,,"",0,0,0,,0,0,,,,,,,,,,,"",""
"1530-1","Gear","Pens",2001,"Pen Football",,,,,,,,,,,,,"",0,0,0,,0,0,,,,,,,,,,499.0000,"",""
"1532-1","Gear","Pens",2001,"Pen Aquazone",,,,,,,,,,,,,"",0,0,0,,0,0,,,,,,,,,,,"",""
"1533-1","Gear","Pens",2001,"Pen Mini Figure Faces",,,,,,,,,,,,,"",0,0,0,,0,0,,,,,,,,,,,"",""
"1534-1","Gear","Pens",2001,"Pen Legoland",,,,,,,,,,,,,"",0,0,0,,0,0,,,,,,,,,,,"",""
"1535-1","Gear","Pens",2001,"Pen Knights' Kingdom",,,,,,,,,,,,,"",0,0,0,,0,0,,,,,,,,,,,"",""
"1537-1","Gear","Pens",2001,"Pen Dream Star",,,,,,,,,,,,,"",0,0,0,,0,0,,,,,,,,,,,"",""
"1538-1","Gear","Pens",2001,"Pen Safari",,,,,,,,,,,,,"",0,0,0,,0,0,,,,,,,,,,,"",""
"1539-1","Gear","Pens",2001,"Pen Classic II",,,,,,,,,,,,,"",0,0,0,,0,0,,,,,,,,,,,"",""
"1701-2","Gear","Pens",2001,"Pen Pack Gali",,,,,,,,,,,,,"",0,0,0,,0,0,,,,,,,,,,,"",""
"1702-2","Gear","Pens",2001,"Pen Pack Kopaka",,,,,,,,,,,,,"",0,0,0,,0,0,,,,,,,,,,,"",""
"1703-2","Gear","Pens",2001,"Pen Pack Lewa",,,,,,,,,,,,,"",0,0,0,,0,0,,,,,,,,,,,"",""
"1704-2","Gear","Pens",2001,"Pen Pack Onua",,,,,,,,,,,,,"",0,0,0,,0,0,,,,,,,,,,,"",""
"1705-1","Gear","Pens",2001,"Pen Pack Pohatu",,,,,,,,,,,,,"",0,0,0,,0,0,,,,,,,,,,,"",""
"1706-1","Gear","Pens",2001,"Pen Pack Tahu",,,,,,,,,,,,,"",0,0,0,,0,0,,,,,,,,,,,"",""
"1708-2","Gear","Pens",2001,"Limited Edition Pen",,,,,,,,,,,,,"",0,0,0,,0,0,,,,,,,,,125.0000,51.9900,"",""
"2032-2","Gear","Pens",2001,"Pen Pack Space Port",,,,,,,,,,,,,"",0,0,0,,0,0,,,,,,,,,,,"",""
"2580-1","Duplo","",2001,"Friendly Animal Bus",5,103,,,,,,,,,,,"",0,0,0,,0,0,,,,,,,,,,,"",""
"2863-1","Duplo","",2001,"Box of Bricks",,100,,,,,,,,,,,"",0,0,0,,0,0,,,,,,,,,,,"",""
"2878-2","Seasonal","Christmas",2001,"Santa Claus Mos Burger Gift Box- Hawaiian Shirt Santa",,1,,,,,,,,,,,"",0,0,0,,0,0,,,,,,,,,13.9100,,"",""
"2878-3","Seasonal","Christmas",2001,"Santa Claus Mos Burger Gift Box - Tuxedo Santa",,1,,,,,,,,,,,"",0,0,0,,0,0,,,,,,,,,31.6300,,"",""
"2878-4","Seasonal","Christmas",2001,"Santa Claus Mos Burger Gift Box - Soccer Santa",,1,,,,,,,,,,,"",0,0,0,,0,0,,,,,,,,,13.5300,,"",""
"2878-5","Seasonal","Christmas",2001,"Santa Claus Mos Burger Gift Box - King and Queen Santa",,1,,,,,,,,,,,"",0,0,0,,0,0,,,,,,,,,34.7800,,"",""
"2927-1","Duplo","",2001,"{House with CD-ROM}",,,,,,,,,,,,,"",0,0,0,,0,0,,,,,,,,,,,"",""
"2946-1","Action Wheelers","",2001,"MyBot Expansion Kit",1,14,12.99,13,,,,,,,,,"",0,0,0,,0,0,,,,,,,,,54.0500,,"",""
"2947-1","Action Wheelers","",2001,"Speedbike",1,13,14.99,15,,,,,,,,,"",0,0,0,,0,0,,,,,,,,,29.5300,22.0300,"",""
"2949-1","Action Wheelers","",2001,"Remote Control Dozer",1,21,39.99,35,,,,,,,,,"",0,0,0,,0,0,,,,,,,,,343.9800,49.9000,"",""
"2951-1","Duplo","Dolls",2001,"Lisa",2,4,6.99,10,,,,,,,,,"",0,0,0,,0,0,,,,,,,,,27.1000,32.5200,"",""
"2952-1","Duplo","Dolls",2001,"Marie",2,6,7.99,10,,,,,,,,,"",0,0,0,,0,0,,,,,,,,,27.2500,37.0700,"",""
"2953-1","Duplo","Dolls",2001,"Anna",2,4,7.99,10,,,,,,,,,"",0,0,0,,0,0,,,,,,,,,27.1000,37.5700,"",""
"2954-1","Duplo","Dolls",2001,"Picnic",,14,9.99,15,,,,,,,,,"",0,0,0,,0,0,,,,,,,,,170.9100,32.2000,"",""
"2955-1","Duplo","Dolls",2001,"Sarah",2,32,29.99,30,,,,,,,,,"",0,0,0,,0,0,,,,,,,,,152.1000,90.7900,"",""
"2961-1","Duplo","Dolls",2001,"Bedroom",,20,12.99,20,,,,,,,,,"",0,0,0,,0,0,,,,,,,,,40.6500,80.5000,"",""
"2971-1","Duplo","",2001,"Action Policebike",1,5,3.99,3,,,,,,,,,"",0,0,0,,0,0,,,,,,,,,15.0200,2.9700,"",""
"2973-1","Baby","",2001,"Musical Apple",,1,6.99,8,,,,,,,,,"",0,0,0,,0,0,,,,,,,,,,10.5400,"",""
"2974-1","Baby","",2001,"Play Train",1,6,8.99,10,,,,,,,,,"",0,0,0,,0,0,,,,,,,,,28.7400,,"",""
"2975-1","Duplo","Winnie the Pooh",2001,"Bouncing with Tigger",1,11,,,,,,,,,,,"",0,0,0,,0,0,,,,,,,,,68.3500,11.4800,"",""
"2976-1","Duplo","Winnie the Pooh",2001,"Acorn Adventure with Piglet",1,11,,,,,,042884029760,,,,,"",0,0,0,,0,0,,,,,,,,,25.1600,9.7600,"",""
"2977-1","Duplo","Winnie the Pooh",2001,"Eeyore and the Little Raincloud",1,9,,,,,5702012014550,042884029777,,,,,"",0,0,0,,0,0,,,,,,,,,17.1600,6.8800,"",""
"2979-1","Duplo","Winnie the Pooh",2001,"Build and Play in the Pop-Up 100 Acre Wood",1,13,,,,,,,,,,,"",0,0,0,,0,0,,,,,,,,,77.1200,,"",""
"2991-1","Duplo","Winnie the Pooh",2001,"Pooh and the Honeybees",1,11,,,,,,042884029913,,,,,"",0,0,0,,0,0,,,,,,,,,25.0000,21.0800,"",""
"2993-1","Duplo","Winnie the Pooh",2001,"Surprise Birthday Party for Eeyore",3,25,,,,,,,,,,,"",0,0,0,,0,0,,,,,,,,,,49.5000,"",""
"3083-1","Duplo","",2001,"Flying Action",2,9,9.99,10,,,,,,,,,"",0,0,0,,0,0,,,,,,,,,,,"",""
"3085-1","Duplo","",2001,"Race Action",4,46,29.99,20,,,,,,,,,"",0,0,0,,0,0,,,,,,,,,63.9700,26.9800,"",""
"3087-1","Duplo","",2001,"Circus Princess",1,7,3.99,4,,,,,,,,,"",0,0,0,,0,0,,,,,,,,,16.5000,5.7900,"",""
"3088-1","Duplo","",2001,"Growing Garden",1,19,9.99,10,,,,,,,,,"",0,0,0,,0,0,,,,,,,,,,39.1500,"",""
"3089-1","Duplo","",2001,"Adventure Trip",2,29,17.99,15,,,,,,,,,"",0,0,0,,0,0,,,,,,,,,49.5100,24.9900,"",""
"3090-1","Duplo","",2001,"Forest Picnic",4,24,17.99,15,,,,,,,,,"",0,0,0,,0,0,,,,,,,,,39.9600,29.4800,"",""
"3091-1","Duplo","",2001,"Big Gas Truck",1,3,4.99,4,,,,,,,,,"",0,0,0,,0,0,,,,,,,,,,4.5400,"",""
"3092-1","Duplo","",2001,"Friendly Farm",1,10,9.99,10,,,,,,,,,"",0,0,0,,0,0,,,,,,,,,35.6400,21.9600,"",""
"3093-1","Duplo","",2001,"Fun Playground",4,24,17.99,20,,,,,,,,,"",0,0,0,,0,0,,,,,,,,,,26.9800,"",""
"3095-1","Duplo","",2001,"Wildlife Park",3,32,49.99,40,,,,,,,,,"",0,0,0,,0,0,,,,,,,,,84.7900,40.9800,"",""
"3121-1","Scala","Dolls",2001,"Summer Day Out",1,20,5.99,8,,,,,,,,,"",0,0,0,,0,0,,,,,,,,,43.5800,26.8300,"",""
"3122-1","Scala","Dolls",2001,"1-2-3 ... Marie",1,17,9.99,15,,,,,,,,,"",0,0,0,,0,0,,,,,,,,,26.0000,37.5800,"",""
"3123-1","Scala","Dolls",2001,"Emma's Chill-Out Kitchen",1,58,14.99,20,,,,,28.8,24,6,,"",0,0,0,,0,0,,,,,,,,,59.9000,,"01/09/2001","31/12/2001"
"3124-1","Scala","Dolls",2001,"Indie's Stable",,95,39.99,50,,,,,48,28.8,11.4,,"",0,0,0,,0,0,,,,,,,,,64.6800,55.5900,"01/09/2001","30/09/2002"
"3126-1","Duplo","",2001,"Green Bucket",1,40,,,,,,,,,,,"",0,0,0,,0,0,,,,,,,,,,,"",""
"3160-1","Baby","",2001,"Play Plane",1,1,3.99,,,,,,,,,,"",0,0,0,,0,0,,,,,,,,,,12.9500,"",""
"3161-1","Baby","",2001,"Soft Stacking Hen",,5,12.99,10,,,,,,,,,"",0,0,0,,0,0,,,,,,,,,26.8200,,"",""
"3162-1","Baby","",2001,"Take Along Friend",1,1,2.99,,,,,,,,,,"",0,0,0,,0,0,,,,,,,,,9.5200,,"",""
"3169-1","Baby","",2001,"Crib and Mirror Adventure",,2,12.99,,,,,,,,,,"",0,0,0,,0,0,,,,,,,,,31.6900,,"",""
"3170-1","Baby","",2001,"Light and Sound Stacker",,10,14.99,15,,,,,,,,,"",0,0,0,,0,0,,,,,,,,,,,"",""
"3172-1","Baby","",2001,"Soft Frog Rattle",,1,2.99,,,,,,,,,,"",0,0,0,,0,0,,,,,,,,,,,"",""
"3173-1","Baby","",2001,"Caterpillar Teether",,1,3.99,7,,,,,,,,,"",0,0,0,,0,0,,,,,,,,,,,"",""
"3197-1","Basic","",2001,"Aircraft",,15,,,,,,,,,,,"",0,0,0,,0,0,,,,,,,,,6.7100,,"",""
"3212-1","Baby","",2001,"Star Teether",,1,2.99,,,,,,,,,,"",0,0,0,,0,0,,,,,,,,,12.8500,,"",""
"3235-1","Baby","",2001,"Soft Ladybird and Bee",,1,,,,,,,,,,,"",0,0,0,,0,0,,,,,,,,,15.1200,,"",""
"3236-1","Baby","",2001,"Roll 'n' Play",,1,4.99,,,,,,,,,,"",0,0,0,,0,0,,,,,,,,,,,"",""
"3237-1","Baby","",2001,"Stacking Tower",,5,6.99,,,,,,,,,,"",0,0,0,,0,0,,,,,,,,,19.0600,5.4700,"",""
"3238-1","Baby","",2001,"Shape and Colour Sorter",,9,12.99,,,,,,,,,,"",0,0,0,,0,0,,,,,,,,,,20.0000,"",""
"3263-1","Duplo","Zooters",2001,"Goozle",,10,6.99,10,,,,,,,,,"",0,0,0,,0,0,,,,,,,,,11.9500,10.7800,"",""
"3264-1","Duplo","Zooters",2001,"Tez",,9,6.99,10,,,,,,,,,"",0,0,0,,0,0,,,,,,,,,13.8700,10.7800,"",""
"3265-1","Duplo","Zooters",2001,"Wazo",,6,12.99,12,,,,,,,,,"",0,0,0,,0,0,,,,,,,,,47.8600,11.7000,"",""
"3266-1","Duplo","",2001,"Tubes",,58,17.99,15,,,,,,,,,"",0,0,0,,0,0,,,,,,,,,66.9000,53.9700,"",""
"3267-1","Duplo","",2001,"Brick Runner",,25,12.99,10,,,,,,,,,"",0,0,0,,0,0,,,,,,,,,27.1000,21.5800,"",""
"3271-1","Duplo","Bob the Builder",2001,"Bob's Workshop",1,10,5.99,6,,,,,,,,,"",0,0,0,,0,0,,,,,,,,,35.5500,5.0700,"",""
"3272-1","Duplo","Bob the Builder",2001,"Scoop on the Road",1,21,9.99,10,,,,,,,,,"",0,0,0,,0,0,,,,,,,,,42.4400,13.2000,"",""
"3273-1","Duplo","Bob the Builder",2001,"Bob, Lofty and the Mice",2,18,14.99,15,,,,,,,,,"",0,0,0,,0,0,,,,,,,,,55.4400,31.5200,"",""
"3274-1","Duplo","Bob the Builder",2001,"Bob and Muck Repair the Barn",2,35,17.99,,,,,,,,,,"",0,0,0,,0,0,,,,,,,,,28.6000,18.6800,"",""
"3275-1","Duplo","Bob the Builder",2001,"Bob's Big Building Box",1,51,19.99,20,,,,,,,,,"",0,0,0,,0,0,,,,,,,,,,43.5300,"",""
"3276-1","Duplo","Bob the Builder",2001,"Muck and Scoop",4,52,29.99,30,,,5702012015977,,,,,,"",0,0,0,,0,0,,,,,,,,,71.0300,40.0000,"",""
"3415-1","Sports","Football",2001,"Japanese Soccer Team",,,,,,,,,,,,,"",0,0,0,,0,0,,,,,,,,,,,"",""
"3416-1","Sports","Football",2001,"Women's Team",6,62,,9.95,,,,042884034160,19.2,14.2,7,,"",0,0,0,,0,0,,,,,,,,,28.8800,13.9900,"01/05/2001","31/12/2002"
"3418-1","Sports","Football",2001,"Point Shooting",1,24,,,,,,,,,,,"",0,0,0,,0,0,,,,,,,,,24.0000,4.8100,"",""
"3419-1","Sports","Football",2001,"Precision Shooting",1,24,,,,,,,,,,,"",0,0,0,,0,0,,,,,,,,,24.0000,10.0000,"",""
"3451-1","Advanced models","Aircraft",2001,"Sopwith Camel",,574,39.99,50,,,,,38.4,28.8,7.2,,"",0,0,0,,0,0,,,,,,,,,270.6200,110.9900,"01/05/2001","31/12/2003"
"3507-1","Bulk Bricks","",2001,"1x4x3 Wall Element Clear",,25,,8,,,,,,,,,"",0,0,0,,0,0,,,,,,,,,16.6500,,"",""
"3508-1","Bulk Bricks","",2001,"1x4x5 Black Window with Transparent Light Blue Pane",,20,,9,,,,,,,,,"",0,0,0,,0,0,,,,,,,,,13.0000,,"",""
"3724-1","Advanced models","Sculptures",2001,"LEGO Dragon",,1530,,99,,,,,53.2,38.4,9.6,,"",0,0,0,,0,0,,,,,,,,,1315.9200,187.5000,"01/01/2001","30/06/2002"
"3740-1","Trains","9V",2001,"Small Locomotive",,67,9.75,15,,,5702012018695,042884037406,19.2,14.4,4.8,,"",0,0,0,,0,0,,,,,,,,,62.4900,45.0000,"01/04/2001","31/12/2003"
"3741-1","Trains","9V",2001,"Large Locomotive",,92,12.99,20,,,5702012018701,042884037413,19.2,19.2,4.8,,"",0,0,0,,0,0,,,,,,,,,129.9800,136.2300,"01/04/2001","31/12/2003"
"3742-1","Trains","9V",2001,"Tender",,39,6.99,11,,,5702012018718,042884037420,19.2,14.4,4.8,,"",0,0,0,,0,0,,,,,,,,,86.0800,62.5000,"01/04/2001","31/12/2003"
"3743-1","Trains","9V",2001,"Locomotive Blue Bricks",,106,3.99,7,,,,,,,,,"",0,0,0,,0,0,,,,,,,,,38.1200,28.7500,"",""
"3744-1","Trains","9V",2001,"Locomotive Green Bricks",,106,3.99,7,,,,,,,,,"",0,0,0,,0,0,,,,,,,,,23.5700,16.2000,"",""
"3745-1","Trains","9V",2001,"Locomotive Black Bricks",,106,3.99,7,,,,,,,,,"",0,0,0,,0,0,,,,,,,,,30.7100,,"",""
"3746-1","Trains","9V",2001,"Locomotive Brown Bricks",,106,3.99,7,,,,,,,,,"",0,0,0,,0,0,,,,,,,,,31.2500,,"",""
"3747-1","Trains","9V",2001,"Locomotive Dark Grey Bricks",,106,3.99,7,,,,,,,,,"",0,0,0,,0,0,,,,,,,,,15.8300,17.5800,"",""
"3748-1","Trains","9V",2001,"Light Unit for Train",,4,6.99,10,,,,,,,,,"",0,0,0,,0,0,,,,,,,,,37.3300,15.8600,"",""
"3750-1","Bulk Bricks","Space",2001,"Life On Mars Accessories",,48,,4.99,,,,,,,,,"",0,0,0,,0,0,,,,,,,,,9.7600,,"",""
"3751-1","Bulk Bricks","",2001,"1x2 Brown Bricks",,100,,6,,,,,,,,,"",0,0,0,,0,0,,,,,,,,,9.0900,,"",""
"3752-1","Bulk Bricks","",2001,"1x6 Brown Bricks",,50,,7,,,,,,,,,"",0,0,0,,0,0,,,,,,,,,29.5100,,"",""
"3753-1","Bulk Bricks","",2001,"2x2 Brown Bricks",,100,,7,,,,,,,,,"",0,0,0,,0,0,,,,,,,,,,,"",""
"3754-1","Bulk Bricks","",2001,"2x4 Brown Bricks",,50,,7,,,,,,,,,"",0,0,0,,0,0,,,,,,,,,,,"",""
"3755-1","Bulk Bricks","",2001,"2x4 Roof Tiles Steep Sloped Brown",,50,,8,,,,,,,,,"",0,0,0,,0,0,,,,,,,,,13.6700,,"",""
"3756-1","Bulk Bricks","",2001,"2x4 Ridge Roof Tiles Steep Sloped Brown",,25,,5,,,,,,,,,"",0,0,0,,0,0,,,,,,,,,10.0000,,"",""
"3800-1","Mindstorms","1.5",2001,"Ultimate Builders Set",,321,49.99,60,,,,,,,,,"",0,0,0,,0,0,,,,,,,,,105.0000,50.0000,"",""
"3804-1","Mindstorms","2.0",2001,"Robotics Invention System V2.0",,717,159.99,200,,,5702012010842,42884038045,55.2,32.4,11.4,2.75,"",0,0,0,,0,0,,,,,,,,,224.9700,143.5300,"31/12/2004","31/03/2006"
"3805-1","Mindstorms","1.5",2001,"Robotics Invention System Upgrade Kit",,1,,20,,,,,,,,,"",0,0,0,,0,0,,,,,,,,,,,"",""
"3901-1","Gear","Digital media",2001,"Jack Stone Video",,,,,,,,,,,,,"",0,0,0,,0,0,,,,,,,,,,,"",""
"3917-1","Gear","Key Chains/Brick",2001,"Red Brick Key Chain",,,,,,,,,,,,,"",0,0,0,,0,0,,,,,,,,,,,"",""
"3924-1","Gear","Key Chains/Studios",2001,"Director Key Chain",,,,3,,,,,,,,,"",0,0,0,,0,0,,,,,,,,,,,"",""
"3925-1","Gear","Key Chains/Island Xtreme Stunts",2001,"Brickster Key Chain",,,,3,,,,,,,,,"",0,0,0,,0,0,,,,,,,,,,,"",""
"3948-1","Gear","Key Chains/Star Wars",2001,"Stormtrooper",,,,4,,,,,,,,,"",0,0,0,,0,0,,,,,,,,,,,"",""
"3974-1","Gear","Key Chains/Western",2001,"Cowboy Key Chain",,,2.99,3,,,,,,,,,"",0,0,0,,0,0,,,,,,,,,,,"",""
"4016-1","Creator","Promotional",2001,"Racer",,21,,2,,,,,,,,,"",0,0,0,,0,0,,,,,,,,,5.0900,0.6500,"",""
"4017-1","Creator","Promotional",2001,"Sea Helicopter",,13,,2,,,,,,,,,"",0,0,0,,0,0,,,,,,,,,10.1500,2.8300,"",""
"4018-1","Creator","Promotional",2001,"Ship",,12,,2,,,,,,,,,"",0,0,0,,0,0,,,,,,,,,20.0000,1.7900,"",""
"4019-1","Creator","Promotional",2001,"Aeroplane",,17,,2,,,,,,,,,"",0,0,0,,0,0,,,,,,,,,10.1500,1.9300,"",""
"4049-1","Studios","Promotional",2001,"Nesquik Bunny Film Set",3,28,,,,,,,,,,,"",0,0,0,,0,0,,,,,,,,,126.2100,68.3300,"",""
"4051-1","Studios","Promotional",2001,"Nesquik Bunny",1,4,,,,,,,,,,,"",0,0,0,,0,0,,,,,,,,,100.0200,68.2800,"",""
"4052-1","Studios","Promotional",2001,"Director",1,4,,,,,,,,,,,"",0,0,0,,0,0,,,,,,,,,7.4600,4.3700,"",""
"4053-1","Studios","Promotional",2001,"Cameraman",1,5,,,,,,,,,,,"",0,0,0,,0,0,,,,,,,,,7.3700,11.5700,"",""
"4056-1","Studios","Promotional",2001,"Color Light",,13,,,,,,,,,,,"",0,0,0,,0,0,,,,,,,,,6.7900,,"",""
"4057-1","Studios","Promotional",2001,"Spot Light",,10,,,,,,,,,,,"",0,0,0,,0,0,,,,,,,,,6.7900,,"",""
"4058-1","Studios","Promotional",2001,"Cameraman 1",1,4,,,,,,,,,,,"",0,0,0,,0,0,,,,,,,,,9.9600,2.3900,"",""
"4059-1","Studios","Promotional",2001,"Director",1,4,,,,,,,,,,,"",0,0,0,,0,0,,,,,,,,,7.4600,,"",""
"4060-1","Studios","Promotional",2001,"Grip",1,4,,,,,,,,,,,"",0,0,0,,0,0,,,,,,,,,9.7100,,"",""
"4061-1","Studios","Promotional",2001,"Assistant",1,4,,,,,,,,,,,"",0,0,0,,0,0,,,,,,,,,9.7100,,"",""
"4062-1","Studios","Promotional",2001,"Actress",1,4,,,,,,,,,,,"",0,0,0,,0,0,,,,,,,,,7.0800,7.9500,"",""
"4063-1","Studios","Promotional",2001,"Cameraman 2",1,4,,,,,,,,,,,"",0,0,0,,0,0,,,,,,,,,16.5000,,"",""
"4064-1","Studios","Promotional",2001,"Actor 2",1,4,,,,,5702012018367,,,,,,"",0,0,0,,0,0,,,,,,,,,15.6200,,"",""
"4065-1","Studios","Promotional",2001,"Actor 3",1,4,,,,,,,,,,,"",0,0,0,,0,0,,,,,,,,,7.2500,6.9900,"",""
"4066-1","Studios","Promotional",2001,"Actor 1",1,4,,,,,,,,,,,"",0,0,0,,0,0,,,,,,,,,4.2500,,"",""
"4067-1","Studios","Promotional",2001,"Buggy",,15,,,,,,,,,,,"",0,0,0,,0,0,,,,,,,,,3.1700,,"",""
"4068-1","Studios","Promotional",2001,"Handy Camera",,6,,,,,,,,,,,"",0,0,0,,0,0,,,,,,,,,5.0000,5.5000,"",""
"4069-1","Studios","Promotional",2001,"Katinco & Megaphone",,4,,,,,,,,,,,"",0,0,0,,0,0,,,,,,,,,8.8000,3.1700,"",""
"4070-1","Studios","Promotional",2001,"Stand Camera",,7,,,,,,,,,,,"",0,0,0,,0,0,,,,,,,,,13.5800,,"",""
"4071-1","Studios","Promotional",2001,"Bottles",,8,,,,,,,,,,,"",0,0,0,,0,0,,,,,,,,,14.2700,5.0000,"",""
"4072-1","Studios","Promotional",2001,"Skeleton",1,6,,,,,,,,,,,"",0,0,0,,0,0,,,,,,,,,7.5000,,"",""
"4073-1","Studios","Promotional",2001,"Tree 1",,6,,,,,,,,,,,"",0,0,0,,0,0,,,,,,,,,4.6300,,"",""
"4074-1","Studios","Promotional",2001,"Tree 3",,14,,,,,,,,,,,"",0,0,0,,0,0,,,,,,,,,3.2500,,"",""
"4075-1","Studios","Promotional",2001,"Tree 2",,13,,,,,,,,,,,"",0,0,0,,0,0,,,,,,,,,3.2500,,"",""
"4076-1","Studios","Promotional",2001,"Pteranodon",,17,,,,,,,,,,,"",0,0,0,,0,0,,,,,,,,,11.7300,6.8500,"",""
"4077-1","Studios","Promotional",2001,"Plesiosaur",,13,,,,,,,,,,,"",0,0,0,,0,0,,,,,,,,,12.1300,6.8500,"",""
"4078-1","Studios","Promotional",2001,"T-Rex",,18,,,,,,,,,,,"",0,0,0,,0,0,,,,,,,,,12.2200,6.0000,"",""
"4079-1","Studios","Promotional",2001,"Mini Rex",,4,,,,,,,,,,,"",0,0,0,,0,0,,,,,,,,,11.9000,,"",""
"4112-1","Basic","",2001,"Basic Building Set",,201,,,,,5702012018015,,,,,,"",0,0,0,,0,0,,,,,,,,,,,"",""
"4113-1","Creator","Bucket",2001,"Brick Adventures Bucket",,124,6.99,,,,5702012017261,,,,,,"",0,0,0,,0,0,,,,,,,,,33.2600,4.5400,"",""
"4115-1","Creator","Bucket",2001,"All That Drives Bucket",1,165,,8,,,,,,,,,"",0,0,0,,0,0,,,,,,,,,26.0000,11.4700,"",""
"4116-1","Creator","Bucket",2001,"Animal Adventures Bucket",2,209,,10,,,,,,,,,"",0,0,0,,0,0,,,,,,,,,37.4500,8.9500,"",""
"4117-1","Creator","Bucket",2001,"Fantastic Flyers and Cool Cars",2,257,,15,,,5702012013195,,,,,,"",0,0,0,,0,0,,,,,,,,,36.4600,21.7400,"",""
"4118-1","Creator","Bucket",2001,"Buildings, Mansions and Shops",3,361,,30,,,,,,,,,"",0,0,0,,0,0,,,,,,,,,,32.0000,"",""
"4119-1","Creator","",2001,"Regular and Transparent Bricks",,234,11.99,15,,,5702012013218,,,,,,"",0,0,0,,0,0,,,,,,,,,25.7500,17.9700,"",""
"4120-1","Creator","Bucket",2001,"Fun and Cool Transportation",2,606,24.99,20,,,,,,,,,"",0,0,0,,0,0,,,,,,,,,,25.0000,"",""
"4121-1","Creator","Bucket",2001,"All Kinds of Animals",2,171,24.99,20,,,,,,,,,"",0,0,0,,0,0,,,,,,,,,,,"",""
"4124-1","Creator","Seasonal",2001,"Advent Calendar",,231,,15,,,,,,,,,"",0,0,0,,0,0,,,,,,,,,39.9900,17.4900,"",""
"4171-1","Creator","",2001,"Spot and Friends",,53,2.99,3,,,,,,,,,"",0,0,0,,0,0,,,,,,,,,13.4500,1.4500,"",""
"4172-1","Creator","",2001,"Tina's House",1,42,3.99,4,,,,,,,,,"",0,0,0,,0,0,,,,,,,,,12.0000,2.6400,"",""
"4173-1","Creator","",2001,"Max's Pitstop",1,58,5.99,7,,,,,,,,,"",0,0,0,,0,0,,,,,,,,,15.8200,8.4800,"",""
"4174-1","Creator","",2001,"Max Goes Flying",1,172,11.99,15,,,,,,,,,"",0,0,0,,0,0,,,,,,,,,36.4600,,"",""
"4175-1","Creator","",2001,"Adventures with Max and Tina",2,217,17.99,20,,,,,,,,,"",0,0,0,,0,0,,,,,,,,,32.7000,37.9800,"",""
"4176-1","Creator","",2001,"The Race of the Year",3,323,29.99,25,,,,,,,,,"",0,0,0,,0,0,,,,,,,,,24.0000,15.0500,"",""
"4177-1","Creator","",2001,"Building Stories with Nana Bird",3,373,34.99,30,,,,,,,,,"",0,0,0,,0,0,,,,,,,,,48.7500,,"",""
"4250-1","Creator","",2001,"Creator Bulk (Exclusive)",,234,,,,,,,,,,,"",0,0,0,,0,0,,,,,,,,,,,"",""
"4383-1","Gear","Watches/Clocks",2001,"Time Teaching Clock",1,,,35,,,,,,,,,"",0,0,0,,0,0,,,,,,,,,,,"",""
"4392-1","Gear","Watches/Clocks",2001,"Football / Soccer Clock",,,,30,,,,,,,,,"",0,0,0,,0,0,,,,,,,,,,,"",""
"4566-1","Racers","Xalax",2001,"Gear",1,8,,3,,,,,,,,,"",0,0,0,,0,0,,,,,,,,,26.5100,11.8600,"",""
"4567-1","Racers","Xalax",2001,"Surfer",1,8,,3,,,,,,,,,"",0,0,0,,0,0,,,,,,,,,12.0000,2.9300,"",""
"4568-1","Racers","Xalax",2001,"Loopin",1,8,,3,,,,,,,,,"",0,0,0,,0,0,,,,,,,,,24.9900,8.5100,"",""
"4569-1","Racers","Xalax",2001,"Warrior",1,8,2.99,3,,,,,,,,,"",0,0,0,,0,0,,,,,,,,,10.2100,10.4900,"",""
"4570-1","Racers","Xalax",2001,"Shredd",1,8,,3,,,,,,,,,"",0,0,0,,0,0,,,,,,,,,16.8600,8.8100,"",""
"4571-1","Racers","Xalax",2001,"Spiky",1,8,,3,,,,,,,,,"",0,0,0,,0,0,,,,,,,,,20.1000,3.9200,"",""
"4572-1","Racers","Xalax",2001,"Scratch",1,8,,3,,,,,,,,,"",0,0,0,,0,0,,,,,,,,,15.8500,15.2400,"",""
"4573-1","Racers","Xalax",2001,"Lightor",1,8,2.99,3,,,,,,,,,"",0,0,0,,0,0,,,,,,,,,34.9900,3.5500,"",""
"4574-1","Racers","Xalax",2001,"Rip",1,8,2.99,3,,,,,,,,,"",0,0,0,,0,0,,,,,,,,,10.0000,7.9300,"",""
"4575-1","Racers","Xalax",2001,"Pulse",1,8,,3,,,,042884045753,,,,,"",0,0,0,,0,0,,,,,,,,,22.4900,4.2500,"",""
"4576-1","Racers","Xalax",2001,"Duster",1,7,2.99,3,,,,042884045760,,,,,"",0,0,0,,0,0,,,,,,,,,10.0000,3.7900,"",""
"4577-1","Racers","Xalax",2001,"Snake",1,8,2.99,3,,,,,,,,,"",0,0,0,,0,0,,,,,,,,,18.9900,6.5000,"",""
"4578-1","Racers","Xalax",2001,"Ghost",1,8,,3,,,,,,,,,"",0,0,0,,0,0,,,,,,,,,179.7700,135.1800,"",""
"4579-1","Racers","Xalax",2001,"Freeze & Chill",2,114,14.99,20,,,,,33.6,24,7.2,,"",0,0,0,,0,0,,,,,,,,,65.0000,21.9200,"01/07/2001","30/06/2002"
"4600-1","Jack Stone","",2001,"Police Cruiser",1,22,2.99,4,,,,,,,,,"",0,0,0,,0,0,,,,,,,,,12.4700,1.0700,"",""
"4601-1","Jack Stone","",2001,"Fire Cruiser",1,21,2.99,4,,,,,,,,,"",0,0,0,,0,0,,,,,,,,,26.2000,4.2000,"",""
"4603-1","Jack Stone","",2001,"Res-Q Wrecker",1,29,5.99,7,,,,,,,,,"",0,0,0,,0,0,,,,,,,,,9.0800,4.0000,"",""
"4604-1","Jack Stone","",2001,"Police Copter",2,14,5.99,7,,,,,,,,,"",0,0,0,,0,0,,,,,,,,,12.0000,3.7000,"",""
"4605-1","Jack Stone","",2001,"Fire Response SUV",2,28,7.99,10,,,,,,,,,"",0,0,0,,0,0,,,,,,,,,8.5000,2.2700,"",""
"4606-1","Jack Stone","",2001,"Aqua Res-Q Transport",2,38,9.99,13,,,5702012013720,,,,,,"",0,0,0,,0,0,,,,,,,,,15.0000,6.0000,"",""
"4607-1","Jack Stone","",2001,"Copter Transport",2,64,14.99,20,,,,,,,,,"",0,0,0,,0,0,,,,,,,,,29.7200,10.9900,"",""
"4608-1","Jack Stone","",2001,"Bank Breakout",3,65,14.99,20,,,,,,,,,"",0,0,0,,0,0,,,,,,,,,10.5900,10.7800,"",""
"4609-1","Jack Stone","",2001,"Fire Attack Team",3,90,24.99,35,,,,,,,,,"",0,0,0,,0,0,,,,,,,,,25.0000,9.9900,"",""
"4610-1","Jack Stone","",2001,"Aqua Res-Q Super Station",4,88,39.99,50,,,,,,,,,"",0,0,0,,0,0,,,,,,,,,27.3000,22.8600,"",""
"4611-1","Jack Stone","",2001,"Police HQ",5,132,54.99,70,,,,,,,,,"",0,0,0,,0,0,,,,,,,,,58.5000,20.0000,"",""
"4701-1","Harry Potter","Philosopher's Stone",2001,"Sorting Hat",1,48,4.99,7,,,5702012016592,042884047016,14.4,14.4,4.8,,"",0,0,0,,0,0,,,,,,,,,20.0000,12.8100,"01/09/2001","31/12/2002"
"4702-1","Harry Potter","Philosopher's Stone",2001,"The Final Challenge",2,60,8.99,10,,,5702012016608,042884047023,14.4,19.2,4.8,,"",0,0,0,,0,0,,,,,,,,,48.0000,18.4800,"01/09/2001","31/12/2002"
"4704-1","Harry Potter","Philosopher's Stone",2001,"The Room of the Winged Keys",3,175,16.99,20,,,5702012016622,042884047047,28.8,19.2,4.8,,"",0,0,0,,0,0,,,,,,,,,133.2600,31.4200,"01/09/2001","31/12/2002"
"4705-1","Harry Potter","Philosopher's Stone",2001,"Snape's Class",3,163,16.99,20,,,5702012016639,042884047054,28.8,19.2,4.8,,"",0,0,0,,0,0,,,,,,,,,113.7800,29.3400,"01/09/2001","31/12/2002"
"4706-1","Harry Potter","Philosopher's Stone",2001,"Forbidden Corridor",3,238,24.99,30,,,5702012016646,042884047061,28.8,28.8,7.2,,"",0,0,0,,0,0,,,,,,,,,68.7500,40.9700,"01/10/2001","31/12/2003"
"4707-1","Harry Potter","Philosopher's Stone",2001,"Hagrid's Hut",2,299,24.99,30,,,5702012016653,042884047078,28.8,28.8,6,,"",0,0,0,,0,0,,,,,,,,,127.8700,49.6800,"01/09/2001","30/05/2002"
"4708-1","Harry Potter","Philosopher's Stone",2001,"Hogwarts Express",3,410,39.99,50,,,5702012016660,042884047085,38.4,28.8,7.2,,"",0,0,0,,0,0,,,,,,,,,193.0700,57.1200,"01/09/2001","31/12/2003"
"4709-1","Harry Potter","Philosopher's Stone",2001,"Hogwarts Castle",9,682,79.99,90,,,5702012016677,042884047092,57.6,38.4,7.2,,"",0,0,0,,0,0,,,,,,,,,408.3300,98.3000,"01/09/2001","31/12/2003"
"4721-1","Harry Potter","Philosopher's Stone",2001,"Hogwarts Classrooms",1,73,8.99,10,,,5702012017988,,19.2,19.2,4.8,,"",0,0,0,,0,0,,,,,,,,,131.5100,39.1500,"01/09/2001","31/12/2002"
"4722-1","Harry Potter","Philosopher's Stone",2001,"Gryffindor House",1,68,8.99,10,,,5702012017995,042884047221,19.2,19.2,4.8,,"",0,0,0,,0,0,,,,,,,,,77.2400,31.2800,"01/09/2001","31/12/2002"
"4723-1","Harry Potter","Philosopher's Stone",2001,"Diagon Alley Shops",1,80,8.99,10,,,5702012018008,,19.2,19.2,4.8,,"",0,0,0,,0,0,,,,,,,,,125.0000,39.3000,"01/09/2001","31/12/2002"
"4810-1","Creator","Bucket",2001,"Blue Bucket",1,254,,,,,,,,,,,"",0,0,0,,0,0,,,,,,,,,,,"",""
"4827-1","Duplo","",2001,"Medium Bucket",1,44,,,,,,,,,,,"",0,0,0,,0,0,,,,,,,,,,,"",""
"4830-1","Duplo","",2001,"Medium Bucket",1,51,,,,,,,,,,,"",0,0,0,,0,0,,,,,,,,,,,"",""
"4836-1","Duplo","",2001,"Medium Bucket",1,50,,,,,,,,,,,"",0,0,0,,0,0,,,,,,,,,,,"",""
"5223-1","Technic","",2001,"Wind-Up Motor",,41,,10,,,,,24,9.5,4.5,,"",0,0,0,,0,0,,,,,,,,,24.9900,,"01/01/2001","31/12/2003"
"5322-1","Duplo","",2001,"Duplo Bucket",,60,7.99,18,,,,,,,,,"",0,0,0,,0,0,,,,,,,,,,,"",""
"5327-1","Duplo","",2001,"Duplo Bucket",,60,,,,,,,,,,,"",0,0,0,,0,0,,,,,,,,,,,"",""
"5336-1","Duplo","",2001,"Duplo Bucket",,43,,,,,,,,,,,"",0,0,0,,0,0,,,,,,,,,,,"",""
"5339-1","Duplo","",2001,"Small Bucket with Dog",1,42,,18,,,,,,,,,"",0,0,0,,0,0,,,,,,,,,,,"",""
"5342-1","Duplo","",2001,"Duplo Bucket",,34,,,,,,,,,,,"",0,0,0,,0,0,,,,,,,,,,,"",""
"5599-1","Racers","",2001,"Radio Control Racer",1,294,,80,,,,,48,38.4,9.6,,"",0,0,0,,0,0,,,,,,,,,79.9900,29.6800,"01/09/2001","31/12/2001"
"5730-1","Gear","Video Games/Game Boy Color",2001,"LEGO Island 2",,,,19.95,,,,,,,,,"",0,0,0,,0,0,,,,,,,,,,,"",""
"5774-1","Gear","Video Games/PC",2001,"LEGO Island 2",,,,19.95,,,,,,,,,"",0,0,0,,0,0,,,,,,,,,,,"",""
"5775-1","Gear","Video Games/PS",2001,"LEGO Island 2",,,,19.95,,,,,,,,,"",0,0,0,,0,0,,,,,,,,,,,"",""
"5777-1","Gear","Video Games/Game Boy Advance",2001,"LEGO Island 2",,,,,,,,,,,,,"",0,0,0,,0,0,,,,,,,,,,,"",""
"5778-1","Gear","Video Games/PC",2001,"LEGO Racers 2",,,,,,,,,,,,,"",0,0,0,,0,0,,,,,,,,,,,"",""
"5779-1","Gear","Video Games/PS2",2001,"LEGO Racers 2",,,,29.95,,,,,,,,,"",0,0,0,,0,0,,,,,,,,,,,"",""
"5780-1","Gear","Video Games/Game Boy Advance",2001,"LEGO Racers 2",,,,,,,,,,,,,"",0,0,0,,0,0,,,,,,,,,,,"",""
"5781-1","Gear","Video Games/PC",2001,"LEGO Bionicle: The Legend of Mata Nui ",,,,,,,,,,,,,"",0,0,0,,0,0,,,,,,,,,,,"",""
"5782-1","Gear","Video Games/Game Boy Advance",2001,"LEGO BIONICLE: Tales of the Tohunga",,,,29.95,,,,,,,,,"",0,0,0,,0,0,,,,,,,,,,,"",""
"5787-1","Gear","Video Games/PC",2001,"LEGO Creator: Harry Potter",,,,30,,,5702014155633,,,,,,"",0,0,0,,0,0,,,,,,,,,,,"",""
"5831-1","Belville","Fairy-Tale",2001,"Adventurous Puppies",,15,4.99,5,,,,,,,,,"",0,0,0,,0,0,,,,,,,,,25.0100,15.2700,"",""
"5832-1","Belville","Fairy-Tale",2001,"Vanilla's Magic Tea Party",1,14,7.99,9,,,5702012013621,,,,,,"",0,0,0,,0,0,,,,,,,,,35.8200,27.4700,"",""
"5833-1","Belville","Fairy-Tale",2001,"Rosita's Wonderful Stable",1,40,14.99,17,,,5702012013645,,,,,,"",0,0,0,,0,0,,,,,,,,,54.5100,34.1400,"",""
"5834-1","Belville","Fairy-Tale",2001,"The Enchanted Garden",2,103,39.99,42,,,,,,,,,"",0,0,0,,0,0,,,,,,,,,68.9900,107.9400,"",""
"5950-1","Dinosaurs","",2001,"Baby Ankylosaurus",,37,,,,,,,,,,,"",0,0,0,,0,0,,,,,,,,,18.2500,11.8600,"",""
"5951-1","Dinosaurs","",2001,"Baby Iguanodon",,23,,,,,,,,,,,"",0,0,0,,0,0,,,,,,,,,29.3100,9.0000,"",""
"5952-1","Dinosaurs","",2001,"Baby Brachiosaurus",,31,,,,,,,,,,,"",0,0,0,,0,0,,,,,,,,,31.7400,7.2900,"",""
"5953-1","Dinosaurs","",2001,"Baby Dimetrodon",,20,,,,,,,,,,,"",0,0,0,,0,0,,,,,,,,,11.7000,5.5600,"",""
"5977-1","Belville","",2001,"Travel Friends (In-flight)",,17,,,,,,,,,,,"",0,0,0,,0,0,,,,,,,,,5.4100,3.9900,"",""
"6290-1","Pirates","",2001,"Red Beard Runner",7,698,,99.99,,,5702012019012,042884062903,57.6,38.4,7.2,,"",0,0,0,,0,0,,,,,,,,,539.8600,292.0800,"01/09/2001","31/12/2001"
"6291-1","Pirates","",2001,"Armada Flagship",3,280,,50,,,,042884062910,38.4,28.8,7.2,,"",0,0,0,,0,0,,,,,,,,,539.8600,232.9000,"01/09/2001","31/12/2001"
"6292-1","Pirates","Islanders",2001,"Enchanted Island",7,419,,70,,,5702012019036,,48,28.8,9.6,,"",0,0,0,,0,0,,,,,,,,,1098.0000,187.8600,"01/09/2001","31/12/2001"
"6472-1","Town","Shops and Services",2001,"Gas N' Wash Express",3,470,,50,,,5702012019050,,38.4,28.8,6,,"",0,0,0,,0,0,,,,,,,,,109.8200,135.0000,"01/09/2001","31/12/2001"
"6719-1","Dinosaurs","",2001,"Brachiosaurus",,25,7.99,10,,,,,,,,,"",0,0,0,,0,0,,,,,,,,,79.9900,24.0100,"",""
"6720-1","Dinosaurs","",2001,"Tyrannosaurus Rex",,23,7.99,10,,,,,,,,,"",0,0,0,,0,0,,,,,,,,,73.9500,14.9300,"",""
"6721-1","Dinosaurs","",2001,"Mosasaurus",,26,7.99,10,,,,,,,,,"",0,0,0,,0,0,,,,,,,,,105.0000,41.9000,"",""
"6722-1","Dinosaurs","",2001,"Styracosaurus",,19,7.99,10,,,,,,,,,"",0,0,0,,0,0,,,,,,,,,60.9700,17.3700,"",""
"6771-1","Alpha Team","",2001,"Ogel Command Striker",1,28,2.99,4,,,,,14.4,9.6,3.9,,"",0,0,0,,0,0,,,,,,,,,16.2000,6.0400,"01/03/2001","31/12/2002"
"6772-1","Alpha Team","",2001,"Alpha Team Cruiser",1,57,4.99,7,,,,042884067724,14.4,14.4,4.8,,"",0,0,0,,0,0,,,,,,,,,15.0000,7.2900,"01/03/2001","31/12/2002"
"6773-1","Alpha Team","",2001,"Alpha Team Helicopter",1,79,7.99,10,,,,,19.2,14.4,4.8,,"",0,0,0,,0,0,,,,,,,,,30.0000,12.8900,"01/03/2001","31/12/2002"
"6774-1","Alpha Team","",2001,"Alpha Team ATV",2,134,14.99,20,,,,,28.8,19.2,6,,"",0,0,0,,0,0,,,,,,,,,20.0000,24.5000,"01/03/2001","31/12/2002"
"6775-1","Alpha Team","",2001,"Alpha Team Bomb Squad",3,190,24.99,35,,,,,28.8,28.8,6,,"",0,0,0,,0,0,,,,,,,,,54.0000,47.6800,"01/03/2001","31/12/2002"
"6776-1","Alpha Team","",2001,"Ogel Control Centre",3,410,,50,,,,042884067762,38.4,28.8,11.4,,"",0,0,0,,0,0,,,,,,,,,189.1900,88.3800,"01/03/2001","31/12/2002"
"7000-1","Dinosaurs","",2001,"Baby Ankylosaurus",,37,2.99,3,,,,,,,,,"",0,0,0,,0,0,,,,,,,,,8.6400,4.0700,"",""
"7001-1","Dinosaurs","",2001,"Baby Iguanodon",,23,2.99,3,,,,,,,,,"",0,0,0,,0,0,,,,,,,,,25.0000,6.0000,"",""
"7002-1","Dinosaurs","",2001,"Baby Brachiosaurus",,31,2.99,3,,,,,,,,,"",0,0,0,,0,0,,,,,,,,,9.6000,7.0900,"",""
"7003-1","Dinosaurs","",2001,"Baby Dimetrodon",,20,2.99,3,,,,,,,,,"",0,0,0,,0,0,,,,,,,,,19.6000,6.2300,"",""
"7106-1","Star Wars","Episode IV",2001,"Droid Escape",2,45,,6,,,5702012012532,042884071066,19.2,9.6,6,,"",0,0,0,,0,0,,,,,,,,,51.0100,22.1000,"01/01/2001","31/12/2001"
"7126-1","Star Wars","Episode I",2001,"Battle Droid Carrier",7,133,,10,,,5702012012549,042884071264,19.2,14.4,4.8,,"",0,0,0,,0,0,,,,,,,,,214.9900,33.1000,"01/01/2001","31/12/2001"
"7127-1","Star Wars","Episode VI",2001,"Imperial AT-ST",1,107,8.99,10,,,5702012012556,042884071271,14.4,19.2,4.8,,"",0,0,0,,0,0,,,,,,,,,75.0000,26.8400,"01/01/2001","31/12/2002"
"7146-1","Star Wars","Episode IV",2001,"TIE Fighter",2,171,17.99,20,,,5702012012563,042884071462,19.2,28.8,7.2,,"",0,0,0,,0,0,,,,,,,,,120.0000,41.9100,"01/01/2001","31/12/2002"
"7166-1","Star Wars","Episode VI",2001,"Imperial Shuttle",4,238,27.99,35,,,5702012012570,042884071660,28.8,28.8,7.2,,"",0,0,0,,0,0,,,,,,,,,188.3500,55.6600,"01/01/2001","31/12/2002"
"7186-1","Star Wars","Episode I",2001,"Watto's Junkyard",2,443,39.99,50,,,5702012012587,042884071868,38.4,28.8,7.2,,"",0,0,0,,0,0,,,,,,,,,458.5500,273.2500,"01/01/2001","31/12/2001"
"7300-1","Space","Life On Mars",2001,"Double Hover",1,21,,3,,,,,9.6,14.4,3.9,,"",0,0,0,,0,0,,,,,,,,,27.3100,6.2100,"01/01/2001","31/03/2001"
"7301-1","Space","Life On Mars",2001,"Rover",1,28,,3,,,,,9.6,14.4,3.9,,"",0,0,0,,0,0,,,,,,,,,20.0300,6.6400,"01/01/2001","31/03/2001"
"7302-1","Space","Life On Mars",2001,"Worker Robot",1,30,,3,,,,,9.6,14.4,3.9,,"",0,0,0,,0,0,,,,,,,,,21.5900,7.2400,"01/01/2001","31/12/2001"
"7303-1","Space","Life On Mars",2001,"Jet Scooter",1,24,,,,,,,9.6,14.4,3.9,,"",0,0,0,,0,0,,,,,,,,,10.7700,7.2900,"01/01/2001","31/12/2001"
"7308-1","Space","Life On Mars",2001,"Double Hover",1,21,,,,,,,14.4,9.6,3.9,,"",0,0,0,,0,0,,,,,,,,,16.4900,6.7300,"01/01/2001","31/12/2001"
"7309-1","Space","Life On Mars",2001,"Rover",1,28,,,,,,,9.6,14.4,3.9,,"",0,0,0,,0,0,,,,,,,,,10.0000,3.7800,"01/01/2001","31/12/2001"
"7310-1","Space","Life On Mars",2001,"Mono Jet",1,33,2.99,4,,,,,9.6,9.6,6,,"",0,0,0,,0,0,,,,,,,,,18.0700,4.2900,"01/01/2001","31/03/2002"
"7311-1","Space","Life On Mars",2001,"Red Planet Cruiser",1,73,4.99,7,,,,,19.2,9.6,4.8,,"",0,0,0,,0,0,,,,,,,,,5.0000,7.0400,"01/01/2001","31/03/2002"
"7312-1","Space","Life On Mars",2001,"T-3 Trike",1,99,8.99,10,,,,,19.2,14.4,6,,"",0,0,0,,0,0,,,,,,,,,36.7700,9.8100,"01/01/2001","31/03/2002"
"7313-1","Space","Life On Mars",2001,"Red Planet Protector",1,194,17.99,20,,,5702012012938,,28.8,19.2,4.8,,"",0,0,0,,0,0,,,,,,,,,80.0000,24.3600,"01/01/2001","31/03/2002"
"7314-1","Space","Life On Mars",2001,"Recon Mech RP",1,194,17.99,20,,,,,28.8,19.2,4.8,,"",0,0,0,,0,0,,,,,,,,,67.5000,36.0800,"01/01/2001","31/03/2002"
"7315-1","Space","Life On Mars",2001,"Solar Explorer",3,242,24.99,35,,,,673419305808,33.6,24,6,,"",0,0,0,,0,0,,,,,,,,,87.7000,37.6500,"01/01/2001","31/03/2002"
"7316-1","Space","Life On Mars",2001,"Excavation Searcher",3,471,39.99,50,,,,,38.4,28.8,6,,"",0,0,0,,0,0,,,,,,,,,94.5000,51.8300,"01/01/2001","31/03/2002"
"7317-1","Space","Life On Mars",2001,"Aero Tube Hanger",5,706,69.99,90,,,,,48,38.4,11.4,,"",0,0,0,,0,0,,,,,,,,,253.0500,111.5100,"01/01/2001","31/03/2002"
"7320-1","Space","Life On Mars",2001,"Vega",1,5,,,,,,,,,,,"",0,0,0,,0,0,,,,,,,,,7.0000,7.5600,"",""
"7321-1","Space","Life On Mars",2001,"Mizar",1,5,,,,,,,,,,,"",0,0,0,,0,0,,,,,,,,,24.7500,12.9500,"",""
"7322-1","Space","Life On Mars",2001,"Altair",1,5,,,,,,,,,,,"",0,0,0,,0,0,,,,,,,,,15.0400,7.5600,"",""
"7323-1","Space","Life On Mars",2001,"Guard",1,5,,,,,,,,,,,"",0,0,0,,0,0,,,,,,,,,15.9000,12.9500,"",""
"7377-1","Gear","Watches/Clocks",2001,"Biodium Watch",,,,,,,,,,,,,"",0,0,0,,0,0,,,,,,,,,,,"",""
"7399-1","Gear","Watches/Clocks",2001,"Soccer Stadium Clock",,,,20,,,,,,,,,"",0,0,0,,0,0,,,,,,,,,,,"",""
"7400-1","Gear","Watches/Clocks",2001,"Life On Mars Clock",,,,,,,,,,,,,"",0,0,0,,0,0,,,,,,,,,,,"",""
"7951-1","Duplo","",2001,"XL Bucket",1,78,,,,,,,,,,,"",0,0,0,,0,0,,,,,,,,,,,"",""
"7969-1","Duplo","",2001,"XL Bucket",,106,,,,,,,,,,,"",0,0,0,,0,0,,,,,,,,,,,"",""
"8007-1","Star Wars","Technic",2001,"C-3PO",,341,29.99,35,,,5702012014246,,24,33.6,6,,"",0,0,0,,0,0,,,,,,,,,89.9200,51.2400,"01/01/2001","31/12/2002"
"8008-1","Star Wars","Technic",2001,"Stormtrooper",,361,29.99,35,,,5702012014253,,24,33.6,6,,"",0,0,0,,0,0,,,,,,,,,58.0000,22.5000,"01/01/2001","31/12/2002"
"8240-1","Technic","Speed Slammers",2001,"Slammer Stunt Bike",,152,9.99,15,,,5702012014260,,24,19.2,6,,"",0,0,0,,0,0,,,,,,,,,25.0000,12.0200,"01/01/2001","31/12/2002"
"8241-1","Technic","Speed Slammers",2001,"Battle Cars",,115,6.99,9,,,5702012014277,,24,14.4,4.8,,"",0,0,0,,0,0,,,,,,,,,40.8900,10.1400,"01/01/2001","31/12/2002"
"8242-1","Technic","Speed Slammers",2001,"Slammer Turbo",,253,14.99,20,,,,,33.6,24,4.8,,"",0,0,0,,0,0,,,,,,,,,22.4000,45.0000,"01/01/2001","31/12/2002"
"8463-1","Technic","",2001,"Forklift",1,235,,30,,,,,28.8,24,4.8,,"",0,0,0,,0,0,,,,,,,,,80.0000,21.9600,"01/09/2001","31/12/2001"
"8464-1","Technic","",2001,"Pneumatic Front-End Loader",,591,,70,,,5702010984596,,43.2,28.8,7.2,,"",0,0,0,,0,0,,,,,,,,,420.6000,86.5500,"01/09/2001","31/12/2001"
"8465-1","Technic","",2001,"Extreme Off Roader",,365,29.99,40,,,5702012014291,,33.6,28.8,6,,"",0,0,0,,0,0,,,,,,,,,184.9700,46.4400,"01/09/2001","31/12/2003"
"8466-1","Technic","",2001,"4x4 Off-Roader",,1102,79.99,119.99,,,,,59.2,43.2,7.2,,"",0,0,0,,0,0,,,,,,,,,450.0800,158.9900,"01/09/2001","31/12/2003"
"8525-1","Bionicle","Accessories",2001,"Masks",,6,,2,,,,042884085254,,,,,"",0,0,0,,0,0,,,,,,,,,66.1000,27.4400,"",""
"8530-1","Bionicle","Accessories",2001,"Masks",,6,1.49,,,,5702012014062,,,,,,"",0,0,0,,0,0,,,,,,,,,106.7400,17.6700,"",""
"8531-1","Bionicle","Toa Mata",2001,"Pohatu",,49,4.99,7,,,,042884085315,8.8,18.7,8.8,,"",0,0,0,,0,0,,,,,,,,,111.5600,19.4300,"01/02/2001","30/06/2002"
"8532-1","Bionicle","Toa Mata",2001,"Onua",,30,4.99,7,,,,042884085322,8.8,18.7,8.8,,"",0,0,0,,0,0,,,,,,,,,95.3400,17.6800,"01/08/2001","30/06/2002"
"8533-1","Bionicle","Toa Mata",2001,"Gali",,35,4.99,7,,,,042884085339,8.8,18.7,8.8,,"",0,0,0,,0,0,,,,,,,,,137.2300,18.0400,"01/02/2001","30/06/2002"
"8534-1","Bionicle","Toa Mata",2001,"Tahu",,33,4.99,7,,,,042884085346,8.8,18.8,8.8,,"",0,0,0,,0,0,,,,,,,,,212.5800,24.9500,"01/02/2001","30/06/2002"
"8535-1","Bionicle","Toa Mata",2001,"Lewa",,36,4.99,7,,,,042884085353,8.8,18.8,8.8,,"",0,0,0,,0,0,,,,,,,,,163.5200,19.4200,"01/02/2001","30/06/2002"
"8536-1","Bionicle","Toa Mata",2001,"Kopaka",,33,4.99,7,,,,042884085360,8.8,18.8,8.8,,"",0,0,0,,0,0,,,,,,,,,141.4700,23.1600,"01/02/2001","30/06/2002"
"8537-1","Bionicle","Rahi",2001,"Nui-Rama",,146,10.99,15,,,,,14.4,24,6,,"",0,0,0,,0,0,,,,,,,,,139.0000,42.7600,"01/08/2001","31/12/2002"
"8538-1","Bionicle","Rahi",2001,"Muaka & Kane-ra",,633,44.99,70,,,,,38.4,28.8,6,,"",0,0,0,,0,0,,,,,,,,,351.5000,162.0600,"01/08/2001","30/06/2002"
"8539-1","Bionicle","Rahi",2001,"Manas",,442,69.99,90,,,,042884085391,48,28.8,7.2,,"",0,0,0,,0,0,,,,,,,,,433.3300,285.3100,"01/08/2001","30/06/2002"
"8540-1","Bionicle","Turaga",2001,"Vakama",,28,,3,,,5702012014161,042884085407,9.6,14.4,3.9,,"",0,0,0,,0,0,,,,,,,,,39.8200,11.2500,"01/04/2001","31/12/2001"
"8541-1","Bionicle","Turaga",2001,"Matau",,26,,3,,,,042884085414,9.6,14.4,3.9,,"",0,0,0,,0,0,,,,,,,,,48.3100,12.6600,"01/04/2001","31/12/2001"
"8542-1","Bionicle","Turaga",2001,"Onewa",,30,,3,,,,,9.6,14.4,3.9,,"",0,0,0,,0,0,,,,,,,,,26.6300,8.8000,"01/04/2001","31/12/2001"
"8543-1","Bionicle","Turaga",2001,"Nokama",,27,,3,,,,042884085438,9.6,14.4,3.9,,"",0,0,0,,0,0,,,,,,,,,21.9200,9.7300,"01/04/2001","31/12/2001"
"8544-1","Bionicle","Turaga",2001,"Nuju",,29,,3,,,,,9.6,14.4,3.9,,"",0,0,0,,0,0,,,,,,,,,27.9200,11.2400,"01/04/2001","31/12/2001"
"8545-1","Bionicle","Turaga",2001,"Whenua",,28,,3,,,,,9.6,14.4,3.9,,"",0,0,0,,0,0,,,,,,,,,34.3300,11.9300,"01/04/2001","31/12/2001"
"8546-1","Bionicle","Promotional",2001,"Bionicle Power Pack",,10,9.99,15,,,5702012019135,601215883220,,,,,"",0,0,0,,0,0,,,,,,,,,169.2500,53.7100,"",""
"8548-1","Bionicle","Rahi",2001,"Nui-Jaga",,218,22.99,35,,,5702012016745,,33.6,24,4.8,,"",0,0,0,,0,0,,,,,,,,,129.4900,77.9300,"01/08/2001","31/12/2002"
"8549-1","Bionicle","Rahi",2001,"Tarakava",,411,29.99,50,,,5702012016752,,33.6,28.8,6,,"",0,0,0,,0,0,,,,,,,,,119.5100,133.1000,"01/08/2001","30/06/2002"
"9126-1","Education","Duplo",2001,"Dolls Medium Set",4,24,24.48,43.25,,,,,,,,,"",0,0,0,,0,0,,,,,,,,,,58.5300,"",""
"9127-1","Education","Duplo",2001,"Dolls Large Set",8,63,78.3,,,,,,,,,,"",0,0,0,,0,0,,,,,,,,,,,"",""
"9302-1","Education","",2001,"Community Builders Set",,1670,118.3,,,,,,,,,,"",0,0,0,,0,0,,,,,,,,,142.0500,,"",""
"9303-1","Education","",2001,"Airport Set",4,1180,88.75,89,,,,,,,,,"",0,0,0,,0,0,,,,,,,,,76.2500,,"",""
"9783-1","Education","",2001,"Infrared Transmitter with USB Cable",,2,26.41,30,,,,,,,,,"",0,0,0,,0,0,,,,,,,,,,12.8300,"",""
"9784-1","Education","FIRST LEGO League Challenge",2001,"Arctic Impact Challenge Kit",,1368,,,,,,,,,,,"",0,0,0,,0,0,,,,,,,,,,,"",""
"9795-1","Education","",2001,"Intelligent House Set",,156,98.47,105,,,,,,,,,"",0,0,0,,0,0,,,,,,,,,,,"",""
"10000-1","Castle","Lion Knights",2001,"Guarded Inn",4,253,,25,,,5702014151147,673419010047,28.8,19.2,6,,"",0,0,0,,0,0,,,,,,,,,383.4500,209.6600,"31/05/2001","31/07/2002"
"10001-1","Trains","9V",2001,"Metroliner",11,782,,149,,,5702014151468,673419010078,48,28.8,9.6,,"",0,0,0,,0,0,,,,,,,,,884.9200,316.9300,"31/08/2001","31/08/2002"
"10002-1","Trains","9V",2001,"Railroad Club Car",5,293,,37.5,,,,,28.8,28.8,6,,"",0,0,0,,0,0,,,,,,,,,502.6800,229.8700,"31/08/2001","31/08/2002"
"10003-1","Bulk Bricks","",2001,"1x2 Sand Red Bricks",,100,,6,,,,,,,,,"",0,0,0,,0,0,,,,,,,,,80.0000,41.6500,"",""
"10004-1","Bulk Bricks","",2001,"2x2 Sand Red Bricks",,100,,7,,,,,,,,,"",0,0,0,,0,0,,,,,,,,,70.7000,,"",""
"10005-1","Bulk Bricks","",2001,"2x4 Sand Red Bricks",,50,,7,,,,,,,,,"",0,0,0,,0,0,,,,,,,,,,,"",""
"10006-1","Bulk Bricks","",2001,"1x6 Sand Red Bricks",,50,,7,,,,,,,,,"",0,0,0,,0,0,,,,,,,,,52.5800,23.3800,"",""
"10007-1","Bulk Bricks","",2001,"2x4 Sand Red Ridge Roof Tiles, Steep Sloped",,25,,5,,,,,,,,,"",0,0,0,,0,0,,,,,,,,,4.6300,,"",""
"10008-1","Bulk Bricks","",2001,"2x4 Sand Red Roof Bricks",,50,,8,,,,,,,,,"",0,0,0,,0,0,,,,,,,,,25.7700,,"",""
"10009-1","Bulk Bricks","",2001,"Assorted Blue Bricks",,62,,5,,,,,,,,,"",0,0,0,,0,0,,,,,,,,,9.0800,,"",""
"10010-1","Bulk Bricks","",2001,"Assorted Yellow Bricks",,62,,4.99,,,,,,,,,"",0,0,0,,0,0,,,,,,,,,10.9600,5.5100,"",""
"10011-1","Bulk Bricks","",2001,"Assorted Blue Plates",,42,,4.99,,,,,,,,,"",0,0,0,,0,0,,,,,,,,,7.7300,10.0000,"",""
"10012-1","Bulk Bricks","",2001,"Assorted Yellow Plates",,42,,5,,,,,,,,,"",0,0,0,,0,0,,,,,,,,,12.6200,,"",""
"10013-1","Trains","9V",2001,"Open Freight Wagon",,121,,17,,,5702014154360,673419011860,28.8,19.2,4.8,,"",0,0,0,,0,0,,,,,,,,,64.9900,52.0100,"23/07/2001","31/12/2003"
"10014-1","Trains","9V",2001,"Caboose",,170,,15,,,5702014154377,673419011877,19.2,19.2,6,,"",0,0,0,,0,0,,,,,,,,,85.0000,56.1100,"23/07/2001","31/12/2003"
"10015-1","Trains","9V",2001,"Green Passenger Wagon",,194,,19.99,,,5702014154384,673419011884,28.8,19.2,6,,"",0,0,0,,0,0,,,,,,,,,84.6800,74.0900,"20/08/2001","31/12/2003"
"10016-1","Trains","9V",2001,"Tanker",,128,,20,,,5702014154391,673419011891,28.8,19.2,6,,"",0,0,0,,0,0,,,,,,,,,129.9900,84.1100,"20/08/2001","31/12/2003"
"10017-1","Trains","9V",2001,"Hopper Wagon",,228,,20,,,5702014154407,673419011907,28.8,19.2,6,,"",0,0,0,,0,0,,,,,,,,,75.6600,56.9000,"20/08/2001","31/12/2003"
"10018-1","Star Wars","Ultimate Collector Series",2001,"Darth Maul",,1868,,149.99,,,5702014156845,,57.6,48,11.4,,"",0,0,0,,0,0,,,,,,,,,4240.9000,597.3800,"29/10/2001","31/10/2002"
"10019-1","Star Wars","Ultimate Collector Series",2001,"Rebel Blockade Runner",,1747,,200,,,5702014156852,673419012683,65.2,48,11.4,,"",0,0,0,,0,0,,,,,,,,,1534.1900,555.5500,"05/11/2001","31/12/2003"
"10111-1","Bulk Bricks","",2001,"Foliferous Tree",,10,,6,,,,,,,,,"",0,0,0,,0,0,,,,,,,,,28.8000,0.0900,"",""
"10112-1","Bulk Bricks","",2001,"Bush",,25,,7,,,,,,,,,"",0,0,0,,0,0,,,,,,,,,22.7000,,"",""
"10113-1","Bulk Bricks","",2001,"Cypress Tree",,5,,5,,,,,,,,,"",0,0,0,,0,0,,,,,,,,,131.0300,,"",""
"10114-1","Bulk Bricks","",2001,"2 x 2 Sand Red Roof Tile",,100,,7.99,,,,,,,,,"",0,0,0,,0,0,,,,,,,,,26.2200,,"",""
"10115-1","Bulk Bricks","",2001,"Jumper Bricks",,80,,4.99,,,,673419014618,,,,,"",0,0,0,,0,0,,,,,,,,,5.4000,,"",""
"16073-1","Gear","Storage",2001,"Bionicle Mask Storage Case",,,,,,,,,,,,,"",0,0,0,,0,0,,,,,,,,,,,"",""
"18636-1","Gear","Trading/Playing cards",2001,"Trading Card Booster Pack",,,,3,,,,,,,,,"",0,0,0,,0,0,,,,,,,,,,,"",""
"78777-1","Space","Life On Mars",2001,"Alien Discovery",,122,,8,,,,,,,,,"",0,0,0,,0,0,,,,,,,,,50.1100,30.0000,"",""
"78800-1","Sports","Product Collection",2001,"Soccer Co-Pack",,129,,20,,,,,,,,,"",0,0,0,,0,0,,,,,,,,,83.2500,49.9900,"",""
"78880-1","Sports","Product Collection",2001,"Football Co-Pack",,125,,19.99,,,,,,,,,"",0,0,0,,0,0,,,,,,,,,,,"",""
"922213-1","Gear","Stationery",2001,"Brick Eraser Set",,,1.99,,,,,,,,,,"",0,0,0,,0,0,,,,,,,,,,,"",""
"4151847-1","Gear","Trading/Playing cards",2001,"Bionicle Trading Card Game 1: Gali & Pohatu",,,,15,,,,,,,,,"",0,0,0,,0,0,,,,,,,,,,,"",""
"4151848-1","Gear","Trading/Playing cards",2001,"Bionicle Trading Card Game 1: Tahu & Kopaka",,,,15,,,,,,,,,"",0,0,0,,0,0,,,,,,,,,,,"",""
"4151849-1","Gear","Trading/Playing cards",2001,"Bionicle Trading Card Game 1: Onua & Lewa",,,,15,,,,,,,,,"",0,0,0,,0,0,,,,,,,,,,,"",""
"ISBN9781886411401-1","Books","No Starch Press",2001,"Joe Nagata's LEGO Mindstorms Idea Book",,,,,,,,,,,,,"",0,0,0,,0,0,,,,,,,,,,,"",""
"LLCABR1-1","Promotional","LEGOLAND",2001,"Hau Mask - Green Brick (Legoland California)",,168,,,,,,,,,,,"",0,0,0,,0,0,,,,,,,,,429.0900,14.9900,"",""
"MM38JAN2001-1","Books","Mania Magazine",2001,"Mania Magazine January - February 2001",,,,,,,,,,,,,"",0,0,0,,0,0,,,,,,,,,,,"",""
"MM39MAR2001-1","Books","Mania Magazine",2001,"Mania Magazine March - April 2001",,,,,,,,,,,,,"",0,0,0,,0,0,,,,,,,,,,,"",""
"MM40MAY2001-1","Books","Mania Magazine",2001,"Mania Magazine May - June 2001",,,,,,,,,,,,,"",0,0,0,,0,0,,,,,,,,,,,"",""
"MM41JUL2001-1","Books","Mania Magazine",2001,"Mania Magazine July - August 2001",,,,,,,,,,,,,"",0,0,0,,0,0,,,,,,,,,,,"",""
"MM42SEP2001-1","Books","Mania Magazine",2001,"Mania Magazine September - October 2001",,,,,,,,,,,,,"",0,0,0,,0,0,,,,,,,,,,,"",""
"MM43NOV2001-1","Books","Mania Magazine",2001,"Mania Magazine November - December 2001",,,,,,,,,,,,,"",0,0,0,,0,0,,,,,,,,,,,"",""
"W9910-1","Gear","Watches/Clocks",2001,"Cyclone Master Watch",,,,,,,,,,,,,"",0,0,0,,0,0,,,,,,,,,,,"",""







